www.pointers.com,www.2dpointers.com,
www.2darrays.com,www.2ddynamicarray.com,
www.aucmajors.com,www.computerscience.com,
www.cscourses.com,www.calculus.com,
www.auccourses.com,www.rhet.com,
www.sports.com,www.football.com,
www.calculus.com,www.calculus1.com,
www.physics.com,www.physics1.com,
www.2dpointers.com,
www.2ddynamicarray.com,
www.2dinitialize.com,
www.computerscience.com,
www.math.com,
www.mechanical.com,
www.electronics.com,
www.business.com,
www.imc.com,
www.cs1.com,
www.cs2.com,
www.physics1.com,
www.rhet.com,
www.pathways.com,
www.core.com,
www.globalstudies.com,
www.worldstudies.com,
www.football.com,
www.basketball.com,
www.volleyball.com,
www.calculus1.com,
www.calculus2.com,
www.calculus3.com,
www.physics2.com,
www.physics3.com,
www.pointers.com,www.2ddynamicarray.com,
www.2darrays.com,www.2dinitialize.com,
www.aucmajors.com,www.math.com,
www.cscourses.com,www.cs1.com,
www.auccourses.com,www.pathways.com,
www.sports.com,www.basketball.com,
www.calculus.com,www.calculus2.com,
www.physics.com,www.physics2.com,
www.aucmajors.com,www.mechanical.com,
www.cscourses.com,www.cs2.com,
www.auccourses.com,www.core.com,
www.sports.com,www.volleyball.com,
www.calculus.com,www.calculus3.com,
www.physics.com,www.physics3.com,
www.aucmajors.com,www.electronics.com,
www.cscourses.com,www.physics.com,
www.auccourses.com,www.globalstudies.com,
www.calculus.com,www.auccourses.com,
www.aucmajors.com,www.business.com,
